"iOS, HKWorkoutActivityType","Android, exercise types","Android, segment types"
archery,BADMINTON,ARM_CURL
bowling,BASEBALL,BACK_EXTENSION
fencing,BASKETBALL,BALL_SLAM
gymnastics,BIKING,BARBELL_SHOULDER_PRESS
trackAndField,BIKING_STATIONARY,BENCH_PRESS
americanFootball,BOOT_CAMP,BENCH_SIT_UP
australianFootball,BOXING,BIKING
baseball,CALISTHENICS,BIKING_STATIONARY
basketball,CRICKET,BURPEE
cricket,DANCING,CRUNCH
discSports,ELLIPTICAL,DEADLIFT
handball,EXERCISE_CLASS,DOUBLE_ARM_TRICEPS_EXTENSION
hockey,FENCING,DUMBBELL_CURL_LEFT_ARM
lacrosse,FOOTBALL_AMERICAN,DUMBBELL_CURL_RIGHT_ARM
rugby,FOOTBALL_AUSTRALIAN,DUMBBELL_FRONT_RAISE
soccer,FRISBEE_DISC,DUMBBELL_LATERAL_RAISE
softball,GOLF,DUMBBELL_ROW
volleyball,GUIDED_BREATHING,DUMBBELL_TRICEPS_EXTENSION_LEFT_ARM
preparationAndRecovery,GYMNASTICS,DUMBBELL_TRICEPS_EXTENSION_RIGHT_ARM
flexibility,HANDBALL,DUMBBELL_TRICEPS_EXTENSION_TWO_ARM
cooldown,HIGH_INTENSITY_INTERVAL_TRAINING,ELLIPTICAL
walking,HIKING,FORWARD_TWIST
running,ICE_HOCKEY,FRONT_RAISE
wheelchairWalkPace,ICE_SKATING,HIGH_INTENSITY_INTERVAL_TRAINING
wheelchairRunPace,MARTIAL_ARTS,HIP_THRUST
cycling,OTHER_WORKOUT,HULA_HOOP
handCycling,PADDLING,JUMPING_JACK
coreTraining,PARAGLIDING,JUMP_ROPE
elliptical,PILATES,KETTLEBELL_SWING
functionalStrengthTraining,RACQUETBALL,LATERAL_RAISE
traditionalStrengthTraining,ROCK_CLIMBING,LAT_PULL_DOWN
crossTraining,ROLLER_HOCKEY,LEG_CURL
mixedCardio,ROWING,LEG_EXTENSION
highIntensityIntervalTraining,ROWING_MACHINE,LEG_PRESS
jumpRope,RUGBY,LEG_RAISE
stairClimbing,RUNNING,LUNGE
stairs,RUNNING_TREADMILL,MOUNTAIN_CLIMBER
stepTraining,SAILING,OTHER_WORKOUT
fitnessGaming,SCUBA_DIVING,PAUSE
barre,SKATING,PILATES
cardioDance,SKIING,PLANK
socialDance,SNOWBOARDING,PULL_UP
yoga,SNOWSHOEING,PUNCH
mindAndBody,SOCCER,REST
pilates,SOFTBALL,ROWING_MACHINE
badminton,SQUASH,RUNNING
pickleball,STAIR_CLIMBING,RUNNING_TREADMILL
racquetball,STAIR_CLIMBING_MACHINE,SHOULDER_PRESS
squash,STRENGTH_TRAINING,SINGLE_ARM_TRICEPS_EXTENSION
tableTennis,STRETCHING,SIT_UP
tennis,SURFING,SQUAT
climbing,SWIMMING_OPEN_WATER,STAIR_CLIMBING
equestrianSports,SWIMMING_POOL,STAIR_CLIMBING_MACHINE
fishing,TABLE_TENNIS,STRETCHING
golf,TENNIS,SWIMMING_BACKSTROKE
hiking,VOLLEYBALL,SWIMMING_BREASTSTROKE
hunting,WALKING,SWIMMING_BUTTERFLY
play,WATER_POLO,SWIMMING_FREESTYLE
crossCountrySkiing,WEIGHTLIFTING,SWIMMING_MIXED
curling,WHEELCHAIR,SWIMMING_OPEN_WATER
downhillSkiing,YOGA,SWIMMING_OTHER
snowSports,,SWIMMING_POOL
snowboarding,,UNKNOWN
skatingSports,,UPPER_TWIST
paddleSports,,WALKING
rowing,,WEIGHTLIFTING
sailing,,WHEELCHAIR
surfingSports,,YOGA
swimming,,
underwaterDiving,,
waterFitness,,
waterPolo,,
waterSports,,
boxing,,
kickboxing,,
martialArts,,
taiChi,,
wrestling,,
other,,
swimBikeRun,,
transition,,
dance (deprecated),,
danceInspiredTraining (deprecated),,
mixedMetabolicCardioTraining (deprecated),,
